<annotation>
	<folder>test_images</folder>
	<filename>cat.34.jpg</filename>
	<path>/home/alvaro/Área de Trabalho/models/research/object_detection/test_images/cat.34.jpg</path>
	<source>
		<database>Unknown</database>
	</source>
	<size>
		<width>375</width>
		<height>499</height>
		<depth>3</depth>
	</size>
	<segmented>0</segmented>
	<object>
		<name>cat</name>
		<pose>Unspecified</pose>
		<truncated>0</truncated>
		<difficult>0</difficult>
		<bndbox>
			<xmin>68</xmin>
			<ymin>51</ymin>
			<xmax>277</xmax>
			<ymax>488</ymax>
		</bndbox>
	</object>
</annotation>
