<annotation><filename>cat.3862.jpg</filename><size><width>500</width><height>374</height><depth>3</depth></size><object><name>cat</name><pose>Unspecified</pose><truncated>0</truncated><difficult>0</difficult><bndbox><xmin>258.7219178676605</xmin><ymin>46.64453589916229</ymin><xmax>391.6386067867279</xmax><ymax>338.27317202091217</ymax></bndbox></object><object><name>cat</name><pose>Unspecified</pose><truncated>0</truncated><difficult>0</difficult><bndbox><xmin>35.04151105880737</xmin><ymin>97.30964821577072</ymin><xmax>304.24508452415466</xmax><ymax>350.61144638061523</ymax></bndbox></object></annotation>