<annotation><filename>cat.3786.jpg</filename><size><width>420</width><height>313</height><depth>3</depth></size><object><name>cat</name><pose>Unspecified</pose><truncated>0</truncated><difficult>0</difficult><bndbox><xmin>34.52264428138733</xmin><ymin>78.5847398340702</ymin><xmax>381.78144335746765</xmax><ymax>304.7266230583191</ymax></bndbox></object><object><name>cat</name><pose>Unspecified</pose><truncated>0</truncated><difficult>0</difficult><bndbox><xmin>9.210553765296936</xmin><ymin>104.27887883782387</ymin><xmax>291.15416049957275</xmax><ymax>313.0</ymax></bndbox></object></annotation>