<annotation>
	<folder>unlabeled_data</folder>
	<filename>cat.3984.jpg</filename>
	<path>/home/alvaro/Área de Trabalho/tf-models/research/object_detection/unlabeled_data/cat.3984.jpg</path>
	<source>
		<database>Unknown</database>
	</source>
	<size>
		<width>500</width>
		<height>346</height>
		<depth>3</depth>
	</size>
	<segmented>0</segmented>
	<object>
		<name>cat</name>
		<pose>Unspecified</pose>
		<truncated>0</truncated>
		<difficult>0</difficult>
		<bndbox>
			<xmin>79</xmin>
			<ymin>13</ymin>
			<xmax>495</xmax>
			<ymax>314</ymax>
		</bndbox>
	</object>
</annotation>
