<annotation><filename>cat.3652.jpg</filename><size><width>499</width><height>380</height><depth>3</depth></size><object><name>cat</name><pose>Unspecified</pose><truncated>0</truncated><difficult>0</difficult><bndbox><xmin>94.81570941209793</xmin><ymin>29.147439002990723</ymin><xmax>240.76001316308975</xmax><ymax>319.45026993751526</ymax></bndbox></object><object><name>cat</name><pose>Unspecified</pose><truncated>0</truncated><difficult>0</difficult><bndbox><xmin>304.4056220650673</xmin><ymin>14.87536907196045</ymin><xmax>445.5673562884331</xmax><ymax>293.9892387390137</ymax></bndbox></object></annotation>