<annotation>
	<folder>test_images</folder>
	<filename>dog.3504.jpg</filename>
	<path>/home/alvaro/Área de Trabalho/models/research/object_detection/test_images/dog.3504.jpg</path>
	<source>
		<database>Unknown</database>
	</source>
	<size>
		<width>126</width>
		<height>117</height>
		<depth>3</depth>
	</size>
	<segmented>0</segmented>
	<object>
		<name>dog</name>
		<pose>Unspecified</pose>
		<truncated>0</truncated>
		<difficult>0</difficult>
		<bndbox>
			<xmin>7</xmin>
			<ymin>5</ymin>
			<xmax>121</xmax>
			<ymax>113</ymax>
		</bndbox>
	</object>
</annotation>
